<?xml version="1.0" encoding="UTF-8"?>
<project-private xmlns="http://www.netbeans.org/ns/project-private/1">
    <editor-bookmarks xmlns="http://www.netbeans.org/ns/editor-bookmarks/2" lastBookmarkId="0"/>
    <open-files xmlns="http://www.netbeans.org/ns/projectui-open-files/2">
        <group>
            <file>file:/C:/xampp/htdocs/RussesamfunnetWebside/RusseSamfunnet/CSS/main.css</file>
            <file>file:/C:/xampp/htdocs/RussesamfunnetWebside/RusseSamfunnet/index.php</file>
            <file>file:/C:/xampp/htdocs/RussesamfunnetWebside/RusseSamfunnet/Templates/navigation.php</file>
            <file>file:/C:/xampp/htdocs/RussesamfunnetWebside/RusseSamfunnet/Templates/footer.php</file>
            <file>file:/C:/xampp/htdocs/RussesamfunnetWebside/RusseSamfunnet/package.json</file>
        </group>
    </open-files>
</project-private>
